{
  "Borrar item" : {
    "transaction" : "Borrar item",
    "sampleCount" : 1,
    "errorCount" : 0,
    "errorPct" : 0.0,
    "meanResTime" : 191.0,
    "medianResTime" : 191.0,
    "minResTime" : 191.0,
    "maxResTime" : 191.0,
    "pct1ResTime" : 191.0,
    "pct2ResTime" : 191.0,
    "pct3ResTime" : 191.0,
    "throughput" : 5.235602094240838,
    "receivedKBytesPerSec" : 4.857248036649215,
    "sentKBytesPerSec" : 1.4571744109947644
  },
  "Total" : {
    "transaction" : "Total",
    "sampleCount" : 3,
    "errorCount" : 0,
    "errorPct" : 0.0,
    "meanResTime" : 362.3333333333333,
    "medianResTime" : 199.0,
    "minResTime" : 191.0,
    "maxResTime" : 697.0,
    "pct1ResTime" : 697.0,
    "pct2ResTime" : 697.0,
    "pct3ResTime" : 697.0,
    "throughput" : 2.7573529411764706,
    "receivedKBytesPerSec" : 2.5428323184742645,
    "sentKBytesPerSec" : 0.7369097541360293
  },
  "Actualizar Item" : {
    "transaction" : "Actualizar Item",
    "sampleCount" : 1,
    "errorCount" : 0,
    "errorPct" : 0.0,
    "meanResTime" : 199.0,
    "medianResTime" : 199.0,
    "minResTime" : 199.0,
    "maxResTime" : 199.0,
    "pct1ResTime" : 199.0,
    "pct2ResTime" : 199.0,
    "pct3ResTime" : 199.0,
    "throughput" : 5.025125628140704,
    "receivedKBytesPerSec" : 4.666889133165829,
    "sentKBytesPerSec" : 1.3200769472361809
  },
  "Crear item" : {
    "transaction" : "Crear item",
    "sampleCount" : 1,
    "errorCount" : 0,
    "errorPct" : 0.0,
    "meanResTime" : 697.0,
    "medianResTime" : 697.0,
    "minResTime" : 697.0,
    "maxResTime" : 697.0,
    "pct1ResTime" : 697.0,
    "pct2ResTime" : 697.0,
    "pct3ResTime" : 697.0,
    "throughput" : 1.4347202295552368,
    "receivedKBytesPerSec" : 1.3058195839311335,
    "sentKBytesPerSec" : 0.3740920911047346
  }
}